<?xml version="1.0" encoding="UTF-8"?>
<!-- Created with TexturePacker http://www.codeandweb.com/texturepacker-->
<!-- $TexturePacker:SmartUpdate:62788da9ff7abcfb99f52885d0371620:3cfe71749c47c8fd5231a69859a73493:3797218a9a1ff3bafb8d7bf6a4179617$ -->
<!--Format:
n  => name of the sprite
x  => sprite x pos in texture
y  => sprite y pos in texture
w  => sprite width (may be trimmed)
h  => sprite height (may be trimmed)
pX => x pos of the pivot point (relative to sprite width)
pY => y pos of the pivot point (relative to sprite height)
oX => sprite's x-corner offset (only available if trimmed)
oY => sprite's y-corner offset (only available if trimmed)
oW => sprite's original width (only available if trimmed)
oH => sprite's original height (only available if trimmed)
r => 'y' only set if sprite is rotated
with polygon mode enabled:
vertices   => points in sprite coordinate system (x0,y0,x1,y1,x2,y2, ...)
verticesUV => points in sheet coordinate system (x0,y0,x1,y1,x2,y2, ...)
triangles  => sprite triangulation, 3 vertex indices per triangle
-->
<TextureAtlas imagePath="RedHat_Idle.png" width="1685" height="574">
    <sprite n="Idle (1).png" x="1" y="1" w="335" h="285" pX="0.5" pY="0.5"/>
    <sprite n="Idle (2).png" x="338" y="1" w="335" h="285" pX="0.5" pY="0.5"/>
    <sprite n="Idle (3).png" x="675" y="1" w="335" h="285" pX="0.5" pY="0.5"/>
    <sprite n="Idle (4).png" x="1012" y="1" w="335" h="285" pX="0.5" pY="0.5"/>
    <sprite n="Idle (5).png" x="1349" y="1" w="335" h="285" pX="0.5" pY="0.5"/>
    <sprite n="Idle (6).png" x="1" y="288" w="335" h="285" pX="0.5" pY="0.5"/>
    <sprite n="Idle (7).png" x="338" y="288" w="335" h="285" pX="0.5" pY="0.5"/>
    <sprite n="Idle (8).png" x="675" y="288" w="335" h="285" pX="0.5" pY="0.5"/>
    <sprite n="Idle (9).png" x="1012" y="288" w="335" h="285" pX="0.5" pY="0.5"/>
    <sprite n="Idle (10).png" x="1349" y="288" w="335" h="285" pX="0.5" pY="0.5"/>
</TextureAtlas>
